"_oid","_parent_oid","_last_modified","file_class","file_creationInfo_agencyID","file_creationInfo_agencyURI_resourceID","file_creationInfo_agencyURI_used","file_creationInfo_author","file_creationInfo_authorURI_resourceID","file_creationInfo_authorURI_used","file_creationInfo_creationTime","file_creationInfo_creationTime_ms","file_creationInfo_version","file_creationInfo_used","file_description","file_filename","file_type","file_url"
82918,1,2016-05-17 11:28:46,picture,,,0,,,0,,,,0,Final installation,IMG_0321.JPG,image/jpeg,/stationbook-files/Z3/A001A/IMG_0321.JPG
82920,1,2016-05-17 11:29:28,picture,,,0,,,0,,,,0,Shelter from outside,IMG_2916.JPG,image/jpeg,/stationbook-files/Z3/A001A/IMG_2916.JPG
82922,1,2016-05-17 11:30:49,picture,,,0,,,0,,,,0,Power supply with solar panel,IMG_0309.JPG,image/jpeg,/stationbook-files/Z3/A001A/IMG_0309.JPG
82924,1,2016-05-17 11:31:37,picture,,,0,,,0,,,,0,Second solar panel installed later,IMG_3063.JPG,image/jpeg,/stationbook-files/Z3/A001A/IMG_3063.JPG
82927,1,2016-05-17 12:25:43,picture,,,0,,,0,,,,0,Building from outside,IMG_2827.JPG,image/jpeg,/stationbook-files/Z3/A002A/IMG_2827.JPG
82929,1,2016-05-17 12:26:12,picture,,,0,,,0,,,,0,Sensor,IMG_3189.JPG,image/jpeg,/stationbook-files/Z3/A002A/IMG_3189.JPG
82932,1,2016-05-17 12:38:50,picture,,,0,,,0,,,,0,Building outside,IMG_2913.JPG,image/jpeg,/stationbook-files/Z3/A003A/IMG_2913.JPG
82934,1,2016-05-17 12:39:08,picture,,,0,,,0,,,,0,Building inside,IMG_2912.JPG,image/jpeg,/stationbook-files/Z3/A003A/IMG_2912.JPG
82936,1,2016-05-17 12:39:33,picture,,,0,,,0,,,,0,Sensor,IMG_2891.JPG,image/jpeg,/stationbook-files/Z3/A003A/IMG_2891.JPG
82939,1,2016-05-17 13:32:45,picture,,,0,,,0,,,,0,Castle outside,A004A.jpg,image/jpeg,/stationbook-files/Z3/A004A/A004A.jpg
82941,1,2016-05-17 13:33:25,picture,,,0,,,0,,,,0,Sensor and data logger,IMG_2900.JPG,image/jpeg,/stationbook-files/Z3/A004A/IMG_2900.JPG
82946,1,2016-05-17 13:40:59,picture,,,0,,,0,,,,0,Hut outside,IMG_0071.JPG,image/jpeg,/stationbook-files/Z3/A005A/IMG_0071.JPG
82948,1,2016-05-17 13:41:17,picture,,,0,,,0,,,,0,Sensor thermal cover,P1130539.JPG,image/jpeg,/stationbook-files/Z3/A005A/P1130539.JPG
82950,1,2016-05-17 13:41:47,picture,,,0,,,0,,,,0,Sensor and data logger,P1130544.JPG,image/jpeg,/stationbook-files/Z3/A005A/P1130544.JPG
82953,1,2016-05-17 13:46:15,picture,,,0,,,0,,,,0,Outside,IMG_0749.JPG,image/jpeg,/stationbook-files/Z3/A006A/IMG_0749.JPG
82955,1,2016-05-17 13:47:15,picture,,,0,,,0,,,,0,Sensor on concrete socket,IMG_0744.JPG,image/jpeg,/stationbook-files/Z3/A006A/IMG_0744.JPG
82957,1,2016-05-17 13:48:03,picture,,,0,,,0,,,,0,Data logger and entrance,IMG_0745.JPG,image/jpeg,/stationbook-files/Z3/A006A/IMG_0745.JPG
82960,1,2016-05-17 15:08:55,picture,,,0,,,0,,,,0,Castle entrance outside,IMG_1530.JPG,image/jpeg,/stationbook-files/Z3/A007A/IMG_1530.JPG
82962,1,2016-05-17 15:09:43,picture,,,0,,,0,,,,0,Sensor setup,IMG_1522.JPG,image/jpeg,/stationbook-files/Z3/A007A/IMG_1522.JPG
82964,1,2016-05-17 15:10:11,picture,,,0,,,0,,,,0,Sensor final installation,IMG_1527.JPG,image/jpeg,/stationbook-files/Z3/A007A/IMG_1527.JPG
82967,1,2016-05-17 15:18:41,picture,,,0,,,0,,,,0,Final installation,IMG_0738.JPG,image/jpeg,/stationbook-files/Z3/A008A/IMG_0738.JPG
82969,1,2016-05-17 15:19:08,picture,,,0,,,0,,,,0,Sensor on concrete base,IMG_0722.JPG,image/jpeg,/stationbook-files/Z3/A008A/IMG_0722.JPG
82971,1,2016-05-17 15:19:49,picture,,,0,,,0,,,,0,Sensor in wooden hut (concrete tower was removed),IMG_0147.JPG,image/jpeg,/stationbook-files/Z3/A008A/IMG_0147.JPG
82974,1,2016-05-17 15:33:46,picture,,,0,,,0,,,,0,Outside,IMG_0109.jpg,image/jpeg,/stationbook-files/Z3/A009A/IMG_0109.jpg
82976,1,2016-05-17 15:34:27,picture,,,0,,,0,,,,0,Sensor closeup,IMG_0110.JPG,image/jpeg,/stationbook-files/Z3/A009A/IMG_0110.JPG
82978,1,2016-05-17 15:34:52,picture,,,0,,,0,,,,0,Sensor shelter,IMG_0119.JPG,image/jpeg,/stationbook-files/Z3/A009A/IMG_0119.JPG
82981,1,2016-05-17 15:42:12,picture,,,0,,,0,,,,0,Outside,IMG_2954.JPG,image/jpeg,/stationbook-files/Z3/A010A/IMG_2954.JPG
82983,1,2016-05-17 15:42:54,picture,,,0,,,0,,,,0,Power supply with solar panels,IMG_2982.JPG,image/jpeg,/stationbook-files/Z3/A010A/IMG_2982.JPG
82985,1,2016-05-17 15:43:33,picture,,,0,,,0,,,,0,Sensor final installation,IMG_2946.JPG,image/jpeg,/stationbook-files/Z3/A010A/IMG_2946.JPG
82988,1,2016-05-17 16:10:45,picture,,,0,,,0,,,,0,Outside,IMG_1622.JPG,image/jpeg,/stationbook-files/Z3/A011A/IMG_1622.JPG
82990,1,2016-05-17 16:11:12,picture,,,0,,,0,,,,0,Sensor preparation,IMG_1637.JPG,image/jpeg,/stationbook-files/Z3/A011A/IMG_1637.JPG
82992,1,2016-05-17 16:11:43,picture,,,0,,,0,,,,0,Final setup,IMG_1658.JPG,image/jpeg,/stationbook-files/Z3/A011A/IMG_1658.JPG
82994,1,2016-05-17 16:12:01,picture,,,0,,,0,,,,0,Power supply with solar panels,IMG_3076.JPG,image/jpeg,/stationbook-files/Z3/A011A/IMG_3076.JPG
82997,1,2016-05-17 16:23:21,picture,,,0,,,0,,,,0,Outside,IMG_3014.JPG,image/jpeg,/stationbook-files/Z3/A012A/IMG_3014.JPG
82999,1,2016-05-17 16:24:19,picture,,,0,,,0,,,,0,Final setup,IMG_3018.JPG,image/jpeg,/stationbook-files/Z3/A012A/IMG_3018.JPG
83001,1,2016-05-17 16:25:43,picture,,,0,,,0,,,,0,Power supply with fuel cell (and solar panel),IMG_3033.JPG,image/jpeg,/stationbook-files/Z3/A012A/IMG_3033.JPG
83004,1,2016-05-17 16:40:26,picture,,,0,,,0,,,,0,Outside,IMG_1188.JPG,image/jpeg,/stationbook-files/Z3/A013A/IMG_1188.JPG
83006,1,2016-05-17 16:41:03,picture,,,0,,,0,,,,0,Space prepared for sensor,IMG_1183.JPG,image/jpeg,/stationbook-files/Z3/A013A/IMG_1183.JPG
83008,1,2016-05-17 16:41:40,picture,,,0,,,0,,,,0,Final setup,IMG_1222.JPG,image/jpeg,/stationbook-files/Z3/A013A/IMG_1222.JPG
83011,1,2016-05-17 16:47:37,picture,,,0,,,0,,,,0,Outside,IMG_1238.JPG,image/jpeg,/stationbook-files/Z3/A014A/IMG_1238.JPG
83013,1,2016-05-17 16:48:46,picture,,,0,,,0,,,,0,Antenna shelter,IMG_1237.JPG,image/jpeg,/stationbook-files/Z3/A014A/IMG_1237.JPG
83015,1,2016-05-17 16:49:23,picture,,,0,,,0,,,,0,Final setup,IMG_1233.JPG,image/jpeg,/stationbook-files/Z3/A014A/IMG_1233.JPG
83018,1,2016-05-17 16:57:41,picture,,,0,,,0,,,,0,Sensor preparation,IMG_0992.JPG,image/jpeg,/stationbook-files/Z3/A016A/IMG_0992.JPG
83020,1,2016-05-17 16:58:39,picture,,,0,,,0,,,,0,Outside,IMG_0986.JPG,image/jpeg,/stationbook-files/Z3/A016A/IMG_0986.JPG
83023,1,2016-05-17 17:10:56,picture,,,0,,,0,,,,0,Outside,IMG_2991.JPG,image/jpeg,/stationbook-files/Z3/A017A/IMG_2991.JPG
83025,1,2016-05-17 17:11:22,picture,,,0,,,0,,,,0,Operated with fuel cell (and solar panel),IMG_3005.JPG,image/jpeg,/stationbook-files/Z3/A017A/IMG_3005.JPG
83027,1,2016-05-17 17:11:57,picture,,,0,,,0,,,,0,Final setup,IMG_3001.JPG,image/jpeg,/stationbook-files/Z3/A017A/IMG_3001.JPG
83030,1,2016-05-18 11:46:13,picture,,,0,,,0,,,,0,Sensor in house on the right,IMG_3088.JPG,image/jpeg,/stationbook-files/Z3/A018A/IMG_3088.JPG
83032,1,2016-05-18 11:46:51,picture,,,0,,,0,,,,0,Box with data logger,IMG_1134.JPG,image/jpeg,/stationbook-files/Z3/A018A/IMG_1134.JPG
83034,1,2016-05-18 11:47:15,picture,,,0,,,0,,,,0,Sensor with thermal cover,IMG_1135.JPG,image/jpeg,/stationbook-files/Z3/A018A/IMG_1135.JPG
83036,1,2016-05-18 11:47:38,picture,,,0,,,0,,,,0,Final setup,IMG_3081.JPG,image/jpeg,/stationbook-files/Z3/A018A/IMG_3081.JPG
83039,1,2016-05-18 12:08:58,picture,,,0,,,0,,,,0,Outside,IMG_1258.JPG,image/jpeg,/stationbook-files/Z3/A019A/IMG_1258.JPG
83041,1,2016-05-18 12:09:23,picture,,,0,,,0,,,,0,Neighboring holiday house,IMG_1256.JPG,image/jpeg,/stationbook-files/Z3/A019A/IMG_1256.JPG
83043,1,2016-05-18 12:09:51,picture,,,0,,,0,,,,0,Sensor setup,IMG_1270.JPG,image/jpeg,/stationbook-files/Z3/A019A/IMG_1270.JPG
83045,1,2016-05-18 12:10:56,picture,,,0,,,0,,,,0,Data logger on upper floor,IMG_1321.JPG,image/jpeg,/stationbook-files/Z3/A019A/IMG_1321.JPG
83047,1,2016-05-18 12:11:32,picture,,,0,,,0,,,,0,Final sensor setting,IMG_1324.JPG,image/jpeg,/stationbook-files/Z3/A019A/IMG_1324.JPG
83049,1,2016-05-18 12:12:16,picture,,,0,,,0,,,,0,Powered by solar panels,IMG_3055.JPG,image/jpeg,/stationbook-files/Z3/A019A/IMG_3055.JPG
83052,1,2016-05-18 12:21:40,picture,,,0,,,0,,,,0,Yard of cowshed,IMG_2678.JPG,image/jpeg,/stationbook-files/Z3/A020A/IMG_2678.JPG
83054,1,2016-05-18 12:22:05,picture,,,0,,,0,,,,0,Final setting,IMG_2681.JPG,image/jpeg,/stationbook-files/Z3/A020A/IMG_2681.JPG
83057,1,2016-05-18 12:35:30,picture,,,0,,,0,,,,0,Outside,IMG_2552.JPG,image/jpeg,/stationbook-files/Z3/A021A/IMG_2552.JPG
83059,1,2016-05-18 12:36:22,picture,,,0,,,0,,,,0,Sensor final setting,IMG_2597.JPG,image/jpeg,/stationbook-files/Z3/A021A/IMG_2597.JPG
83062,1,2016-05-18 13:57:59,picture,,,0,,,0,,,,0,Yard of farm house,IMG_1031.JPG,image/jpeg,/stationbook-files/Z3/A024A/IMG_1031.JPG
83064,1,2016-05-18 13:58:26,picture,,,0,,,0,,,,0,Sensor setup,IMG_1040.JPG,image/jpeg,/stationbook-files/Z3/A024A/IMG_1040.JPG
83066,1,2016-05-18 13:58:53,picture,,,0,,,0,,,,0,Final sensor setting,IMG_1055.JPG,image/jpeg,/stationbook-files/Z3/A024A/IMG_1055.JPG
83068,1,2016-05-18 14:00:06,picture,,,0,,,0,,,,0,"Antennas (GSM/UMTS left, GPS right)",IMG_1072.JPG,image/jpeg,/stationbook-files/Z3/A024A/IMG_1072.JPG
83071,1,2016-05-18 14:11:33,picture,,,0,,,0,,,,0,Outside,IMG_2105.JPG,image/jpeg,/stationbook-files/Z3/A331A/IMG_2105.JPG
83073,1,2016-05-18 14:11:55,picture,,,0,,,0,,,,0,Box with data logger,IMG_2111.JPG,image/jpeg,/stationbook-files/Z3/A331A/IMG_2111.JPG
83075,1,2016-05-18 14:12:25,picture,,,0,,,0,,,,0,Sensor setup,IMG_2114.JPG,image/jpeg,/stationbook-files/Z3/A331A/IMG_2114.JPG
83077,1,2016-05-18 14:12:48,picture,,,0,,,0,,,,0,Final setting,IMG_2124.JPG,image/jpeg,/stationbook-files/Z3/A331A/IMG_2124.JPG
83080,1,2016-05-18 14:34:20,picture,,,0,,,0,,,,0,Outside,IMG_2290.JPG,image/jpeg,/stationbook-files/Z3/A332A/IMG_2290.JPG
83082,1,2016-05-18 14:34:51,picture,,,0,,,0,,,,0,Final sensor setup,IMG_2294.JPG,image/jpeg,/stationbook-files/Z3/A332A/IMG_2294.JPG
83085,1,2016-05-18 14:48:16,picture,,,0,,,0,,,,0,Outside,IMG_2305.JPG,image/jpeg,/stationbook-files/Z3/A333A/IMG_2305.JPG
83089,1,2016-05-18 14:49:43,picture,,,0,,,0,,,,0,Final setting,IMG_2424.JPG,image/jpeg,/stationbook-files/Z3/A333A/IMG_2424.JPG
83092,1,2016-05-18 15:07:52,picture,,,0,,,0,,,,0,Outside,IMG_2348.JPG,image/jpeg,/stationbook-files/Z3/A334A/IMG_2348.JPG
83094,1,2016-05-18 15:08:31,picture,,,0,,,0,,,,0,Preparation,IMG_2379.JPG,image/jpeg,/stationbook-files/Z3/A334A/IMG_2379.JPG
83096,1,2016-05-18 15:08:53,picture,,,0,,,0,,,,0,Sensor,IMG_2380.JPG,image/jpeg,/stationbook-files/Z3/A334A/IMG_2380.JPG
83098,1,2016-05-18 15:09:20,picture,,,0,,,0,,,,0,Final setting,IMG_2396.JPG,image/jpeg,/stationbook-files/Z3/A334A/IMG_2396.JPG
83101,1,2016-05-18 15:20:59,picture,,,0,,,0,,,,0,Outside,IMG_1883.JPG,image/jpeg,/stationbook-files/Z3/A335A/IMG_1883.JPG
83103,1,2016-05-18 15:21:23,picture,,,0,,,0,,,,0,Sensor in pit (with thermal cover removed),IMG_3160.JPG,image/jpeg,/stationbook-files/Z3/A335A/IMG_3160.JPG
83105,1,2016-05-18 15:22:13,picture,,,0,,,0,,,,0,Cover on top of sensor pit,IMG_1937.JPG,image/jpeg,/stationbook-files/Z3/A335A/IMG_1937.JPG
83107,1,2016-05-18 15:23:04,picture,,,0,,,0,,,,0,Improvised thermal cover box,IMG_1924.JPG,image/jpeg,/stationbook-files/Z3/A335A/IMG_1924.JPG
83112,1,2016-05-18 15:35:10,picture,,,0,,,0,,,,0,Final sensor setup,IMG_1973.JPG,image/jpeg,/stationbook-files/Z3/A336A/IMG_1973.JPG
83114,1,2016-05-18 15:37:05,picture,,,0,,,0,,,,0,Entrance to wine cellar,IMG_1970.JPG,image/jpeg,/stationbook-files/Z3/A336A/IMG_1970.JPG
83117,1,2016-05-18 15:46:50,picture,,,0,,,0,,,,0,Outside,IMG_2026.JPG,image/jpeg,/stationbook-files/Z3/A337A/IMG_2026.JPG
83119,1,2016-05-18 15:48:02,picture,,,0,,,0,,,,0,Sensor,IMG_2027.JPG,image/jpeg,/stationbook-files/Z3/A337A/IMG_2027.JPG
83121,1,2016-05-18 15:48:35,picture,,,0,,,0,,,,0,Box with data logger,IMG_2035.JPG,image/jpeg,/stationbook-files/Z3/A337A/IMG_2035.JPG
83123,1,2016-05-18 15:49:10,picture,,,0,,,0,,,,0,Sensor final setting,IMG_2036.JPG,image/jpeg,/stationbook-files/Z3/A337A/IMG_2036.JPG
83126,1,2016-05-18 15:57:11,picture,,,0,,,0,,,,0,Outside,IMG_2253.JPG,image/jpeg,/stationbook-files/Z3/A338A/IMG_2253.JPG
83128,1,2016-05-18 15:57:41,picture,,,0,,,0,,,,0,Sensor with thermal cover,IMG_2269.JPG,image/jpeg,/stationbook-files/Z3/A338A/IMG_2269.JPG
83130,1,2016-05-18 15:58:06,picture,,,0,,,0,,,,0,Final setting,IMG_2276.JPG,image/jpeg,/stationbook-files/Z3/A338A/IMG_2276.JPG
83133,1,2016-05-18 16:05:52,picture,,,0,,,0,,,,0,Outside,IMG_2227.JPG,image/jpeg,/stationbook-files/Z3/A339A/IMG_2227.JPG
83135,1,2016-05-18 16:06:09,picture,,,0,,,0,,,,0,Wine cellar,IMG_2225.JPG,image/jpeg,/stationbook-files/Z3/A339A/IMG_2225.JPG
83137,1,2016-05-18 16:06:32,picture,,,0,,,0,,,,0,Sensor without cover,IMG_2231.JPG,image/jpeg,/stationbook-files/Z3/A339A/IMG_2231.JPG
83139,1,2016-05-18 16:06:49,picture,,,0,,,0,,,,0,Final sensor setting,IMG_2234.JPG,image/jpeg,/stationbook-files/Z3/A339A/IMG_2234.JPG
83141,1,2016-05-27 16:17:43,picture,,,0,,,0,,,,0,"STS-2 place in a plastic pot, 70 cm buried. The vault has a drenage channel to let the water flow away.","20150814_135140.jpg",image/jpeg,/stationbook-files/Z3/A060A/20150814_135140.jpg
83143,1,2016-05-27 16:14:00,picture,,,0,,,0,,,,0,The station is powerd by solar panels and has quasi-real time communication. The station is on-line 2 hours per day.,"20151028_102105.jpg",image/jpeg,/stationbook-files/Z3/A060A/20151028_102105.jpg
83145,1,2016-05-27 16:16:03,picture,,,0,,,0,,,,0,The digitizer is a Taurus. GPS antenna and GPRS antenna are placed in the digitizer box.,"20151028_102520.jpg",image/jpeg,/stationbook-files/Z3/A060A/20151028_102520.jpg
83148,1,2016-05-27 16:55:16,picture,,,0,,,0,,,,0,Sensor STS-2 placed in a manmade tunnel on 15 cm high concrete pedestal on rock.,"20151013_160109.jpg",image/jpeg,/stationbook-files/Z3/A061A/20151013_160109.jpg
83150,1,2016-05-27 16:56:24,picture,,,0,,,0,,,,0,Final configuration of the sensor installation,DSC_1116.JPG,image/jpeg,/stationbook-files/Z3/A061A/844993002_DSC_1116.JPG
83152,1,2016-05-27 16:59:38,picture,,,0,,,0,,,,0,The digitizer is a Taurus. The station has main power from the house nearby the tunnel.,DSC_1108.JPG,image/jpeg,/stationbook-files/Z3/A061A/DSC_1108.JPG
83154,1,2016-05-27 16:58:55,picture,,,0,,,0,,,,0,GPS antenna and GPRS antenna are placed at the entrance of the tunnel. The station is in real time.,DSC_1140.JPG,image/jpeg,/stationbook-files/Z3/A061A/984352487_DSC_1140.JPG
83156,1,2016-05-27 17:00:26,picture,,,0,,,0,,,,0,Tunnel entrance.,"20151005_134447.jpg",image/jpeg,/stationbook-files/Z3/A061A/20151005_134447.jpg
83159,1,2016-05-27 17:11:38,picture,,,0,,,0,,,,0,(right) Building where the station is installed.,"20151117_141454.jpg",image/jpeg,/stationbook-files/Z3/A062A/20151117_141454.jpg
83161,1,2016-05-27 17:12:58,picture,,,0,,,0,,,,0,"STS-2 sensor placed on concrete, concrete placed on rocks.","20151117_123656_resized.jpg",image/jpeg,/stationbook-files/Z3/A062A/20151117_123656_resized.jpg
83163,1,2016-05-27 17:16:09,picture,,,0,,,0,,,,0,Final configuration of the sensor installation. Thermal isolation is achieved by the black box (with 5 cm of isolating foam inside) and polystyrene at the bottom.,"20151117_141316.jpg",image/jpeg,/stationbook-files/Z3/A062A/20151117_141316.jpg
83165,1,2016-05-27 17:17:43,picture,,,0,,,0,,,,0,The digitizer is a Taurus. The station has main power the building. GPS antenna is placed at the entrance of the builging. The station has real time GPRS communication.,"20151117_141358.jpg",image/jpeg,/stationbook-files/Z3/A062A/20151117_141358.jpg
83168,1,2016-05-30 09:41:05,picture,,,0,,,0,,,,0,Site overview and sensor location,casa_alpino.jpg,image/jpeg,/stationbook-files/Z3/A288A/casa_alpino.jpg
83170,1,2016-05-30 09:56:28,picture,,,0,,,0,,,,0,STS-2 (placed on a metal plate fixed directly on concrete pad) and Taurus digitizer. GPS and GPRS antenna are placed in the digitizer box.,P1020912.JPG,image/jpeg,/stationbook-files/Z3/A288A/P1020912.JPG
83172,1,2016-05-30 09:58:26,picture,,,0,,,0,,,,0,Final configuration of the sensor installation. The station has main power from the house nearby and the station communicates in real time. ,"20151024_165745.jpg",image/jpeg,/stationbook-files/Z3/A288A/20151024_165745.jpg
83175,1,2016-05-30 11:47:53,picture,,,0,,,0,,,,0,Final configuration of the sensor installation. The station has main power from the cemetery and the station communicates in real time.,"20151105_153036.jpg",image/jpeg,/stationbook-files/Z3/A282A/20151105_153036.jpg
83177,1,2016-05-30 11:51:13,picture,,,0,,,0,,,,0,"Sensor in placed in storage room of the San Carlo Canavese cemetery. The sensor room is on the left, after the entrance. The main noise source here is a big industry some km away (not avoidable).",P1000359.JPG,image/jpeg,/stationbook-files/Z3/A282A/P1000359.JPG
83180,1,2016-05-30 12:05:10,picture,,,0,,,0,,,,0,Site overview and sensor location. The site is in the middle of rice fields.,"20160525_085654.jpg",image/jpeg,/stationbook-files/Z3/A283B/20160525_085654.jpg
83182,1,2016-05-30 12:07:22,picture,,,0,,,0,,,,0,STS-2 sensor is placed on concrete floor. The digitiser (Taurus) and the battery are placed 0.5 meters away from the sensor. The stations is powerd with solar panel and it communicates in quasi real-time (2 hours per day).,"20160317_151355_resized.jpg",image/jpeg,/stationbook-files/Z3/A283B/20160317_151355_resized.jpg
83184,1,2016-05-30 12:07:43,picture,,,0,,,0,,,,0,Final configuration of the sensor installation.,"20160317_154635_resized.jpg",image/jpeg,/stationbook-files/Z3/A283B/20160317_154635_resized.jpg
83186,1,2016-05-30 12:08:16,picture,,,0,,,0,,,,0,Solar panels installation. GPS antenna is placed on the solar panels.,"20160317_154401_resized.jpg",image/jpeg,/stationbook-files/Z3/A283B/20160317_154401_resized.jpg
83189,1,2016-05-30 12:11:34,picture,,,0,,,0,,,,0,Final configuration of the sensor installation. The sensor was powered with solar panels. Communications in quasi realtime (2 hours per day).,"20151104_122755.jpg",image/jpeg,/stationbook-files/Z3/A283A/20151104_122755.jpg
83191,1,2016-05-30 12:16:28,picture,,,0,,,0,,,,0,"Site overview and sensor location. The site is near by a football field. Main noise source are the football matches, a industry 100m away, and a quite busy road. It was a too noisy site and it has been replaced with A283B ",P1000457_2.JPG,image/jpeg,/stationbook-files/Z3/A283A/P1000457_2.JPG
83193,1,2016-05-30 13:29:51,picture,,,0,,,0,,,,0,"STS-2 place on concrete groung floor of 1 story small building in the Carmagnola cemetery, 70 cm buried. The digitizer is a Taurus.","20151105_112947.jpg",image/jpeg,/stationbook-files/Z3/A281A/20151105_112947.jpg
83195,1,2016-05-30 13:30:19,picture,,,0,,,0,,,,0,Final configuration of the sensor installation. The station has main power from the cemetery and the station communicates in real time.,"20151105_114911.jpg",image/jpeg,/stationbook-files/Z3/A281A/20151105_114911.jpg
83197,1,2016-05-30 13:31:55,picture,,,0,,,0,,,,0,Site overview and sensor location. The site is in the middle of the cemetery in the Carmagnola city.,P1000350.JPG,image/jpeg,/stationbook-files/Z3/A281A/P1000350.JPG
83201,1,2016-05-30 13:42:49,picture,,,0,,,0,,,,0,Site overview and sensor location. The site is in a very small town in the middle of rice fields. Main noise sources is a narby craft activity.,"20150908_180225_2.jpg",image/jpeg,/stationbook-files/Z3/A286A/20150908_180225_2.jpg
83203,1,2016-05-30 13:41:13,picture,,,0,,,0,,,,0,STS-2 place on concrete groung floor of 1 story small building in the Villa Reale. The digitizer is a Taurus. The stations has main power from the nearby church. It has real time communications.,"20150908_163445.jpg",image/jpeg,/stationbook-files/Z3/A286A/20150908_163445.jpg
83205,1,2016-05-30 13:43:32,picture,,,0,,,0,,,,0,Final configuration of the installation.,"20151103_191935.jpg",image/jpeg,/stationbook-files/Z3/A286A/20151103_191935.jpg
83207,1,2016-05-30 13:44:12,picture,,,0,,,0,,,,0,GPS antenna.,"20150908_175114.jpg",image/jpeg,/stationbook-files/Z3/A286A/20150908_175114.jpg
83210,1,2016-05-30 13:53:04,picture,,,0,,,0,,,,0,Final configuration of the sensor installation. The sensor is powered with solar panels. Communications are in quasi realtime (2 hours per day).,"20151103_170458.jpg",image/jpeg,/stationbook-files/Z3/A284A/20151103_170458.jpg
83212,1,2016-05-30 13:57:08,picture,,,0,,,0,,,,0,Site overview. Building entrance. The builging ground floor is 40 cm higher than the actual ground beacause in this area iis prone to frequent floods.,"20150920_183831.jpg",image/jpeg,/stationbook-files/Z3/A284A/20150920_183831.jpg
83214,1,2016-05-30 13:58:04,picture,,,0,,,0,,,,0,Solar panels installations. GPS antenna and mobile antenna are installed nearby the solar panels.,"20150920_174418.jpg",image/jpeg,/stationbook-files/Z3/A284A/20150920_174418.jpg
83216,1,2016-05-30 13:59:01,picture,,,0,,,0,,,,0,STS-2 place on concrete groung floor of 1 story small building. The digitizer is a Taurus.,"20150920_163146.jpg",image/jpeg,/stationbook-files/Z3/A284A/20150920_163146.jpg
83218,1,2016-05-30 14:01:18,picture,,,0,,,0,,,,0,Back of the building with solar panels.,"20151103_170632.jpg",image/jpeg,/stationbook-files/Z3/A284A/20151103_170632.jpg
83221,1,2016-05-30 14:09:01,picture,,,0,,,0,,,,0,STS-2 place in tiles groung floor of 1 story small building in the Lusurasco cemetery. The digitizer is a Taurus. Main power is taken from the cemetery. The station stream the data in real time.,"20150921_134616.jpg",image/jpeg,/stationbook-files/Z3/A285A/20150921_134616.jpg
83223,1,2016-05-30 14:08:24,picture,,,0,,,0,,,,0,GPS antenna is installed on the building roof.,"20150921_152308.jpg",image/jpeg,/stationbook-files/Z3/A285A/20150921_152308.jpg
83225,1,2016-05-30 14:09:45,picture,,,0,,,0,,,,0,Final configuration of the sensor installation.,"20151103_141248.jpg",image/jpeg,/stationbook-files/Z3/A285A/20151103_141248.jpg
83227,1,2016-05-30 14:10:20,picture,,,0,,,0,,,,0,Room entrance.,"20150921_124750.jpg",image/jpeg,/stationbook-files/Z3/A285A/20150921_124750.jpg
83230,1,2016-05-30 14:23:40,picture,,,0,,,0,,,,0,Site overview and sensor location. The site is in the old starting point of a mountain lift. There is a small gravel street 6m away.,"20150909_113926_2.jpg",image/jpeg,/stationbook-files/Z3/A289A/20150909_113926_2.jpg
83232,1,2016-05-30 14:19:41,picture,,,0,,,0,,,,0,Final configuration of the sensor installation. The sensor is powered with solar panels. The data streaming is in quasi realtime (2 hours per day).,"20150909_172115.jpg",image/jpeg,/stationbook-files/Z3/A289A/20150909_172115.jpg
83235,1,2016-05-30 14:32:02,picture,,,0,,,0,,,,0,"Site overview and sensor location. The sensor is in the ground floor of this builging. There is an habitated house nearby (5m). The main noise sources are cows, the house and  machinery used to milk the cows.","20151112_152326.jpg",image/jpeg,/stationbook-files/Z3/A290A/20151112_152326.jpg
83237,1,2016-05-30 14:33:14,picture,,,0,,,0,,,,0,STS-2 place on concrete groung floor of 2 building. The digitizer is a Taurus. The stations has main power and stream data in realtime.,"20151112_170757.jpg",image/jpeg,/stationbook-files/Z3/A290A/20151112_170757.jpg
83239,1,2016-05-30 14:34:12,picture,,,0,,,0,,,,0,"Final configuration of the installation. GPS antenna is placed outside the building, nearby a window.","20151112_190128.jpg",image/jpeg,/stationbook-files/Z3/A290A/20151112_190128.jpg
83241,1,2016-05-30 14:35:26,picture,,,0,,,0,,,,0,View from the site (looking SE),"20151112_153258.jpg",image/jpeg,/stationbook-files/Z3/A290A/20151112_153258.jpg
83244,1,2016-05-30 14:40:35,picture,,,0,,,0,,,,0,Site overview and sensor location. Tha main noise sources are chickens and the traffic of a small road.,"20151113_114640.jpg",image/jpeg,/stationbook-files/Z3/A291A/20151113_114640.jpg
83246,1,2016-05-30 14:43:45,picture,,,0,,,0,,,,0,STS-2 place on concrete ground floor of 2 story small building. The digitizer is a Taurus. The station has main power and stream data in real time.,"20151113_112842.jpg",image/jpeg,/stationbook-files/Z3/A291A/20151113_112842.jpg
83248,1,2016-05-30 14:46:18,picture,,,0,,,0,,,,0,GPS antenna is installed outside the building at the corner.,"20150922_174736.jpg",image/jpeg,/stationbook-files/Z3/A291A/20150922_174736.jpg
83251,1,2016-05-30 15:04:30,picture,,,0,,,0,,,,0,"Site overview. The vault, with the sensor, is inside the green fence. The station has main power and streams the data in real time.",Klekovaca.jpg,image/jpeg,/stationbook-files/Z3/A050A/Klekovaca.jpg
83253,1,2016-05-30 15:06:52,picture,,,0,,,0,,,,0,Vault. STS-2 is placed on concrete pad at base of plastic vault. Digitizer and battery are in the black box,Klekovaca6.jpg,image/jpeg,/stationbook-files/Z3/A050A/Klekovaca6.jpg
83255,1,2016-05-30 15:07:36,picture,,,0,,,0,,,,0,Digitizer (Taurus). ,"20151126_125457.jpg",image/jpeg,/stationbook-files/Z3/A050A/20151126_125457.jpg
83258,1,2016-05-30 15:11:40,picture,,,0,,,0,,,,0,Final configuration of the installation. GPS antenna is placed outside the building.,"20151125_151304.jpg",image/jpeg,/stationbook-files/Z3/A051A/20151125_151304.jpg
83260,1,2016-05-30 15:13:19,picture,,,0,,,0,,,,0,"Site overview. The site is in the ground floor of an isolated building in the mountains. The main noise source is the heating system, rarely used..","20151125_133234.jpg",image/jpeg,/stationbook-files/Z3/A051A/20151125_133234.jpg
83262,1,2016-05-30 15:14:20,picture,,,0,,,0,,,,0,STS-2 place on concrete groung floor of the building. The digitizer is a Taurus.,"20151125_135019.jpg",image/jpeg,/stationbook-files/Z3/A051A/20151125_135019.jpg
83266,1,2016-05-30 15:28:59,picture,,,0,,,0,,,,0,Sensor vault. STS-2 is placed on concrete pad at base of plastic vault. Digitizer and battery are in the house,IMG_7.jpg,image/jpeg,/stationbook-files/Z3/A052A/IMG_7.jpg
83268,1,2016-05-30 15:30:14,picture,,,0,,,0,,,,0,Site overview. The vault is nearby this house. The stations has main power and stram the data in realtime.,IMG_20150630_110605.jpg,image/jpeg,/stationbook-files/Z3/A052A/IMG_20150630_110605.jpg
83271,1,2016-05-30 15:38:43,picture,,,0,,,0,,,,0,Site overview and sensor location. The sensor is placed in the garage beneath the terrace. GPS and GPRS antenna are installed in the garage roof.,"20151129_104917.jpg",image/jpeg,/stationbook-files/Z3/A250A/20151129_104917.jpg
83273,1,2016-05-30 15:37:24,picture,,,0,,,0,,,,0,STS-2 placed on concrete ground floor. The digitizer is a Taurus. The station has main power and stream data in real time.,"20151129_122629.jpg",image/jpeg,/stationbook-files/Z3/A250A/20151129_122629.jpg
83276,1,2016-05-30 15:41:59,picture,,,0,,,0,,,,0,Site overview. The sensor is installed in the buried basement of this building. Main noise sources are the heating system and people.,"20151130_102810.jpg",image/jpeg,/stationbook-files/Z3/A251A/20151130_102810.jpg
83278,1,2016-05-30 15:43:11,picture,,,0,,,0,,,,0,Final configuration of the installation. GPS antenna is ouside the window. The stations has main power and stream the data in real time.,"20151130_120858.jpg",image/jpeg,/stationbook-files/Z3/A251A/20151130_120858.jpg
83280,1,2016-05-30 15:44:08,picture,,,0,,,0,,,,0,STS-2 place on tiles. The digitizer is a Taurus.,"20151130_115106.jpg",image/jpeg,/stationbook-files/Z3/A251A/20151130_115106.jpg
83285,1,2016-05-30 16:00:47,picture,,,0,,,0,,,,0,Entrance of the cellar where the sensor is installed.,"20160113_142115_resized.jpg",image/jpeg,/stationbook-files/Z3/A272A/20160113_142115_resized.jpg
83287,1,2016-05-30 16:02:00,picture,,,0,,,0,,,,0,GPS and GPRS antenna are installed outside the building. The station has main power and streams the data in real time.,"20160113_141303_resized.jpg",image/jpeg,/stationbook-files/Z3/A272A/20160113_141303_resized.jpg
83289,1,2016-05-30 16:02:57,picture,,,0,,,0,,,,0,Final configuration of the sensor installation. Trillium compact sensor is placed on tiles. The digitizer is a Taurus.,"20160113_141113_resized.jpg",image/jpeg,/stationbook-files/Z3/A272A/20160113_141113_resized.jpg
83292,1,2016-05-30 16:05:21,picture,,,0,,,0,,,,0,Building overview. The small building is in a cemetery.,"20160113_092747_resized.jpg",image/jpeg,/stationbook-files/Z3/A271A/20160113_092747_resized.jpg
83294,1,2016-05-30 16:05:59,picture,,,0,,,0,,,,0,Trillium Compact 120s. The digitizer is a Taurus.,"20160113_095708_resized.jpg",image/jpeg,/stationbook-files/Z3/A271A/20160113_095708_resized.jpg
83296,1,2016-05-30 16:06:28,picture,,,0,,,0,,,,0,Thermal isolation. ,"20160113_101828_resized.jpg",image/jpeg,/stationbook-files/Z3/A271A/20160113_101828_resized.jpg
83298,1,2016-05-30 16:07:16,picture,,,0,,,0,,,,0,Final configuration of the installation. The stations has main power form the building and stream the data in real time.,"20160113_104243_resized.jpg",image/jpeg,/stationbook-files/Z3/A271A/20160113_104243_resized.jpg
106171,1,2017-03-20 12:53:20,picture,,,0,,,0,,,,0,Sensor is installed directly on the ground in a corner of the building using the standard Nanometrics insulation case ,DSCF2828.jpg,image/jpeg,/stationbook-files/Z3/A015A/DSCF2828.jpg
106173,1,2017-03-20 14:37:25,picture,,,0,,,0,,,,0,The station is installed in the building on the left ,DSCF2829.jpg,image/jpeg,/stationbook-files/Z3/A015A/DSCF2829.jpg
106175,1,2017-03-20 12:59:40,picture,,,0,,,0,,,,0,The station has real time communication. GPS - antenna [left] and UMTS- modem antenna [right] are installed next to the solar panels on the front side,DSCF2817.jpg,image/jpeg,/stationbook-files/Z3/A015A/DSCF2817.jpg
106178,1,2017-03-20 14:36:17,picture,,,0,,,0,,,,0,Sensor is installed directly on the ground in the basement of the building using the standard Nanometrics insulation case,DSCF2679.jpg,image/jpeg,/stationbook-files/Z3/A025A/DSCF2679.jpg
106180,1,2017-03-21 12:05:43,picture,,,0,,,0,,,,0,The station is standing in the building on the left,DSCF2665.jpg,image/jpeg,/stationbook-files/Z3/A025A/DSCF2665.jpg
106182,1,2017-03-21 12:08:40,picture,,,0,,,0,,,,0,The station has real time communication. UMTS- modem antenna in the picture,DSCF2667.jpg,image/jpeg,/stationbook-files/Z3/A025A/DSCF2667.jpg
106186,1,2017-03-20 15:13:29,picture,,,0,,,0,,,,0,Sensor is installed directly on the ground in a corner of the building using the standard Nanometrics insulation case,DSCF2697.jpg,image/jpeg,/stationbook-files/Z3/A027A/DSCF2697.jpg
106188,1,2017-03-21 12:26:53,picture,,,0,,,0,,,,0,The station has real time communication. GPS - antenna [left] and UMTS- modem antenna [right].,DSCF2688.jpg,image/jpeg,/stationbook-files/Z3/A027A/DSCF2688.jpg
106191,1,2017-03-20 15:26:09,picture,,,0,,,0,,,,0,Sensor is installed directly on the ground in a corner of the building using the standard Nanometrics insulation case,DSCF2680.jpg,image/jpeg,/stationbook-files/Z3/A028A/DSCF2680.jpg
106193,1,2017-03-20 15:27:38,picture,,,0,,,0,,,,0,The station is installed inside this building ,DSCF2685.jpg,image/jpeg,/stationbook-files/Z3/A028A/DSCF2685.jpg
106195,1,2017-03-20 15:30:42,picture,,,0,,,0,,,,0,The station has real time communication. GPS - antenna [right] and UMTS- modem antenna [left] are installed,DSCF2683.jpg,image/jpeg,/stationbook-files/Z3/A028A/DSCF2683.jpg
106198,1,2017-03-20 15:39:59,picture,,,0,,,0,,,,0,Sensor is installed directly on the ground in the right part of the hut using the standard Nanometrics insulation case,DSCF2769.jpg,image/jpeg,/stationbook-files/Z3/A029A/DSCF2769.jpg
106200,1,2017-03-21 12:28:29,picture,,,0,,,0,,,,0,The station has real time communication. GPS - antenna [down] and UMTS- modem antenna [up] are installed,DSCF2761.jpg,image/jpeg,/stationbook-files/Z3/A029A/DSCF2761.jpg
106202,1,2017-03-20 15:43:20,picture,,,0,,,0,,,,0,The station is installed inside this building,DSCF2778.jpg,image/jpeg,/stationbook-files/Z3/A029A/DSCF2778.jpg
106205,1,2017-03-20 15:47:55,picture,,,0,,,0,,,,0,Sensor is installed directly on the ground in a corner of the building using the standard Nanometrics insulation case,DSCF2758.jpg,image/jpeg,/stationbook-files/Z3/A034A/DSCF2758.jpg
106207,1,2017-03-20 15:49:50,picture,,,0,,,0,,,,0,The station has real time communication. GPS - antenna [left] and UMTS- modem antenna [right] are installed,DSCF2753.jpg,image/jpeg,/stationbook-files/Z3/A034A/DSCF2753.jpg
106209,1,2017-03-21 12:18:05,picture,,,0,,,0,,,,0,The sensor is placed on a ~10cm high pedestal on rock,DSCF2734.jpg,image/jpeg,/stationbook-files/Z3/A026A/DSCF2734.jpg
106211,1,2017-03-21 12:21:27,picture,,,0,,,0,,,,0,Sensor is installed in a manmade dead tunnel.,DSCF2733.jpg,image/jpeg,/stationbook-files/Z3/A026A/DSCF2733.jpg
106214,1,2017-03-25 16:13:12,picture,,,0,,,0,,,,0,Sensor is installed directly on the ground in a building using the standard Nanometrics insulation case,DSCF7014.JPG,image/jpeg,/stationbook-files/Z3/A023A/DSCF7014.JPG
106216,1,2017-03-25 16:13:55,picture,,,0,,,0,,,,0,The station is installed in the basement of this building,DSCF7008.JPG,image/jpeg,/stationbook-files/Z3/A023A/DSCF7008.JPG
106219,1,2017-03-25 16:20:14,picture,,,0,,,0,,,,0,Sensor is installed directly on the ground in a building using the standard Nanometrics insulation case,DSCF7016.JPG,image/jpeg,/stationbook-files/Z3/A031A/DSCF7016.JPG
106222,1,2017-04-22 21:11:34,picture,,,0,,,0,,,,0,Building of the station (funeral home).,"2015-08-18_11.28.43.jpg",image/jpeg,/stationbook-files/Z3/A268A/2015-08-18_11.28.43.jpg
106224,1,2017-04-22 21:11:19,picture,,,0,,,0,,,,0,Insulated sensor inside the building.,"2016-02-02_11.40.26.jpg",image/jpeg,/stationbook-files/Z3/A268A/2016-02-02_11.40.26.jpg
106230,1,2017-03-28 14:41:09,picture,,,0,,,0,,,,0,Housing street view,IMG_3503.JPG,image/jpeg,/stationbook-files/Z3/A002B/IMG_3503.JPG
106232,1,2017-03-28 14:41:38,picture,,,0,,,0,,,,0,Inside wine cellar view - sensor is as end of tunnel,IMG_3502.JPG,image/jpeg,/stationbook-files/Z3/A002B/IMG_3502.JPG
106234,1,2017-03-28 14:42:36,picture,,,0,,,0,,,,0,Burried sensor,IMG_3500.JPG,image/jpeg,/stationbook-files/Z3/A002B/IMG_3500.JPG
106238,1,2017-03-28 14:57:16,picture,,,0,,,0,,,,0,Neighboring house,IMG_3364.JPG,image/jpeg,/stationbook-files/Z3/A005B/IMG_3364.JPG
106240,1,2017-03-28 14:57:33,picture,,,0,,,0,,,,0,Cellar entrance,IMG_3363.JPG,image/jpeg,/stationbook-files/Z3/A005B/IMG_3363.JPG
106242,1,2017-03-28 14:58:04,picture,,,0,,,0,,,,0,Sensor and installation,IMG_3347.JPG,image/jpeg,/stationbook-files/Z3/A005B/IMG_3347.JPG
106245,1,2017-03-28 15:09:22,picture,,,0,,,0,,,,0,Outside view of chapel,IMG_3512.JPG,image/jpeg,/stationbook-files/Z3/A011B/IMG_3512.JPG
106247,1,2017-03-28 15:10:37,picture,,,0,,,0,,,,0,Sensor,IMG_3535.JPG,image/jpeg,/stationbook-files/Z3/A011B/IMG_3535.JPG
106250,1,2017-03-28 15:21:20,picture,,,0,,,0,,,,0,Outside view of farm house,outside.png,image/png,/stationbook-files/Z3/A024B/outside.png
106252,1,2017-03-28 15:21:47,picture,,,0,,,0,,,,0,Sensor (below box in pit) during installation,sensor.png,image/png,/stationbook-files/Z3/A024B/sensor.png
106280,1,2017-03-31 15:56:56,picture,,,0,,,0,,,,0,Exterior of the industrial building ,Z3.A302A.jpg,image/jpeg,/stationbook-files/Z3/A302A/Z3.A302A.jpg
106282,1,2017-03-31 15:59:03,picture,,,0,,,0,,,,0,Sensor location ,SensorZ3.A302A.jpg,image/jpeg,/stationbook-files/Z3/A302A/SensorZ3.A302A.jpg
106285,1,2017-03-31 16:44:22,picture,,,0,,,0,,,,0,Exterior of building,BuildingZ3.A303A.jpg,image/jpeg,/stationbook-files/Z3/A303A/BuildingZ3.A303A.jpg
106287,1,2017-03-31 16:46:20,picture,,,0,,,0,,,,0,Sensor location ,SensorZ3.A303A.jpg,image/jpeg,/stationbook-files/Z3/A303A/SensorZ3.A303A.jpg
106290,1,2017-03-31 17:09:38,picture,,,0,,,0,,,,0,Exterior of the industrial building ,BuildingZ3.A300A.jpg,image/jpeg,/stationbook-files/Z3/A300A/BuildingZ3.A300A.jpg
106292,1,2017-03-31 17:11:55,picture,,,0,,,0,,,,0,Sensor location 1,SensorZ3.A300A.jpg,image/jpeg,/stationbook-files/Z3/A300A/SensorZ3.A300A.jpg
106294,1,2017-03-31 17:13:07,picture,,,0,,,0,,,,0,Sensor location 2,SensorZ3.A300A_2.jpg,image/jpeg,/stationbook-files/Z3/A300A/SensorZ3.A300A_2.jpg
106297,1,2017-03-31 17:37:59,picture,,,0,,,0,,,,0,Installation,BuildingZ3.A301A.jpg,image/jpeg,/stationbook-files/Z3/A301A/BuildingZ3.A301A.jpg
106299,1,2017-03-31 17:39:23,picture,,,0,,,0,,,,0,Sensor location 1,SensorZ3.A301A.jpg,image/jpeg,/stationbook-files/Z3/A301A/SensorZ3.A301A.jpg
106301,1,2017-03-31 17:41:06,picture,,,0,,,0,,,,0,Sensor location 2,SensorZ3.A301A_2.jpg,image/jpeg,/stationbook-files/Z3/A301A/SensorZ3.A301A_2.jpg
106304,1,2017-04-07 13:12:53,picture,,,0,,,0,,,,0,Sensor positioning,Sensor.Z3A309A.jpg,image/jpeg,/stationbook-files/Z3/A309A/Sensor.Z3A309A.jpg
106306,1,2017-04-07 13:13:52,picture,,,0,,,0,,,,0,Sensor cover,Sensor.Z3A309A_2.jpg,image/jpeg,/stationbook-files/Z3/A309A/Sensor.Z3A309A_2.jpg
106308,1,2017-04-07 13:14:51,picture,,,0,,,0,,,,0,Station location,Station.Z3A309A.jpg,image/jpeg,/stationbook-files/Z3/A309A/Station.Z3A309A.jpg
106315,1,2017-04-07 15:02:34,picture,,,0,,,0,,,,0,Sensor location,Sensor.Z3A308A.jpg,image/jpeg,/stationbook-files/Z3/A308A/Sensor.Z3A308A.jpg
106317,1,2017-04-07 15:03:02,picture,,,0,,,0,,,,0,Sensor cover,Sensor.Z3A308A_2.jpg,image/jpeg,/stationbook-files/Z3/A308A/Sensor.Z3A308A_2.jpg
106319,1,2017-04-07 15:06:37,picture,,,0,,,0,,,,0,Building exterior,Building.Z3A308A.jpg,image/jpeg,/stationbook-files/Z3/A308A/Building.Z3A308A.jpg
106324,1,2017-04-07 15:22:25,picture,,,0,,,0,,,,0,Building exterior,Building.Z3A305A.jpg,image/jpeg,/stationbook-files/Z3/A305A/Building.Z3A305A.jpg
106326,1,2017-04-07 15:22:52,picture,,,0,,,0,,,,0,Sensor location,Sensor.Z3A305A.jpg,image/jpeg,/stationbook-files/Z3/A305A/Sensor.Z3A305A.jpg
106328,1,2017-04-07 15:23:18,picture,,,0,,,0,,,,0,Station,Station.Z3A305A.jpg,image/jpeg,/stationbook-files/Z3/A305A/Station.Z3A305A.jpg
106331,1,2017-04-07 15:58:16,picture,,,0,,,0,,,,0,Building exterior,Building.Z3A307A.jpg,image/jpeg,/stationbook-files/Z3/A307A/Building.Z3A307A.jpg
106333,1,2017-04-07 15:58:40,picture,,,0,,,0,,,,0,Sensor location,Sensor.Z3A307A.jpg,image/jpeg,/stationbook-files/Z3/A307A/Sensor.Z3A307A.jpg
106338,1,2017-04-10 11:31:59,picture,,,0,,,0,,,,0,Building exterior,Building.Z3A306A.jpg,image/jpeg,/stationbook-files/Z3/A306A/Building.Z3A306A.jpg
106340,1,2017-04-10 11:32:44,picture,,,0,,,0,,,,0,Sensor,Sensor.Z3A306A.jpg,image/jpeg,/stationbook-files/Z3/A306A/Sensor.Z3A306A.jpg
106344,1,2017-04-10 11:34:14,picture,,,0,,,0,,,,0,Sensor location,Sensor.Z3A306A_2.jpg,image/jpeg,/stationbook-files/Z3/A306A/Sensor.Z3A306A_2.jpg
106347,1,2017-04-10 12:05:57,picture,,,0,,,0,,,,0,Sensor location,Sensor.Z3A316A.JPG,image/jpeg,/stationbook-files/Z3/A316A/Sensor.Z3A316A.JPG
106349,1,2017-04-10 12:06:29,picture,,,0,,,0,,,,0,Sensor cover,Sensor.Z3A316A_2.JPG,image/jpeg,/stationbook-files/Z3/A316A/Sensor.Z3A316A_2.JPG
106358,1,2017-04-10 15:06:13,picture,,,0,,,0,,,,0,Sensor positioning,Sensor.Z3A318A.JPG,image/jpeg,/stationbook-files/Z3/A318A/Sensor.Z3A318A.JPG
106360,1,2017-04-10 15:07:20,picture,,,0,,,0,,,,0,Station location,Station.Z3A318A.JPG,image/jpeg,/stationbook-files/Z3/A318A/Station.Z3A318A.JPG
106363,1,2017-04-10 15:33:39,picture,,,0,,,0,,,,0,Building exterior,Building.Z3A312A.jpg,image/jpeg,/stationbook-files/Z3/A312A/Building.Z3A312A.jpg
106367,1,2017-04-10 15:35:27,picture,,,0,,,0,,,,0,Sensor location,Sensor.Z3A312A.jpg,image/jpeg,/stationbook-files/Z3/A312A/Sensor.Z3A312A.jpg
106369,1,2017-04-10 15:35:53,picture,,,0,,,0,,,,0,Station,Station.Z3A312A.jpg,image/jpeg,/stationbook-files/Z3/A312A/Station.Z3A312A.jpg
106372,1,2017-04-10 15:45:06,picture,,,0,,,0,,,,0,Building,Building.Z3A313A.jpg,image/jpeg,/stationbook-files/Z3/A313A/Building.Z3A313A.jpg
106374,1,2017-04-10 15:45:30,picture,,,0,,,0,,,,0,Sensor location,Sensor.Z3A313A.jpg,image/jpeg,/stationbook-files/Z3/A313A/Sensor.Z3A313A.jpg
106376,1,2017-04-11 10:41:14,picture,,,0,,,0,,,,0,A071A,A071a.jpg,image/jpeg,/stationbook-files/Z3/A071A/A071a.jpg
106378,1,2017-04-11 10:42:25,picture,,,0,,,0,,,,0,A072A,A072a.JPG,image/jpeg,/stationbook-files/Z3/A072A/A072a.JPG
106380,1,2017-04-11 10:42:47,picture,,,0,,,0,,,,0,A072A,A072b.JPG,image/jpeg,/stationbook-files/Z3/A072A/A072b.JPG
106382,1,2017-04-11 10:43:38,picture,,,0,,,0,,,,0,A073A,A073a.jpg,image/jpeg,/stationbook-files/Z3/A073A/A073a.jpg
106384,1,2017-04-11 10:44:00,picture,,,0,,,0,,,,0,A073A,A073b.jpg,image/jpeg,/stationbook-files/Z3/A073A/A073b.jpg
106386,1,2017-04-11 10:44:49,picture,,,0,,,0,,,,0,A075A,A075a.jpg,image/jpeg,/stationbook-files/Z3/A075A/A075a.jpg
106388,1,2017-04-11 10:45:08,picture,,,0,,,0,,,,0,A075A,A075b.JPG,image/jpeg,/stationbook-files/Z3/A075A/A075b.JPG
106390,1,2017-04-11 10:46:40,picture,,,0,,,0,,,,0,A076A,A076a.jpg,image/jpeg,/stationbook-files/Z3/A076A/A076a.jpg
106392,1,2017-04-11 10:47:10,picture,,,0,,,0,,,,0,A076A,A076b.JPG,image/jpeg,/stationbook-files/Z3/A076A/A076b.JPG
106394,1,2017-04-11 10:47:30,picture,,,0,,,0,,,,0,A076A,A076c.JPG,image/jpeg,/stationbook-files/Z3/A076A/A076c.JPG
106396,1,2017-04-11 10:48:08,picture,,,0,,,0,,,,0,A076A,A076d.JPG,image/jpeg,/stationbook-files/Z3/A076A/A076d.JPG
106398,1,2017-04-11 10:49:00,picture,,,0,,,0,,,,0,A077A,A077a.jpg,image/jpeg,/stationbook-files/Z3/A077A/A077a.jpg
106400,1,2017-04-11 10:49:13,picture,,,0,,,0,,,,0,A077A,A077b.jpg,image/jpeg,/stationbook-files/Z3/A077A/A077b.jpg
106402,1,2017-04-11 10:50:03,picture,,,0,,,0,,,,0,A080A,A080a.JPG,image/jpeg,/stationbook-files/Z3/A080A/A080a.JPG
106404,1,2017-04-11 10:50:22,picture,,,0,,,0,,,,0,A080A,A080b.JPG,image/jpeg,/stationbook-files/Z3/A080A/A080b.JPG
106406,1,2017-04-11 10:51:24,picture,,,0,,,0,,,,0,A081A,A081a.jpg,image/jpeg,/stationbook-files/Z3/A081A/A081a.jpg
106408,1,2017-04-11 10:52:39,picture,,,0,,,0,,,,0,A082A,A082a.jpg,image/jpeg,/stationbook-files/Z3/A082A/A082a.jpg
106410,1,2017-04-11 10:53:10,picture,,,0,,,0,,,,0,A082A,A082b.JPG,image/jpeg,/stationbook-files/Z3/A082A/A082b.JPG
106412,1,2017-04-11 10:55:41,picture,,,0,,,0,,,,0,A083A,A083a.jpg,image/jpeg,/stationbook-files/Z3/A083A/A083a.jpg
106414,1,2017-04-11 10:56:25,picture,,,0,,,0,,,,0,A084A,A084a.JPG,image/jpeg,/stationbook-files/Z3/A084A/A084a.JPG
106416,1,2017-04-11 10:56:42,picture,,,0,,,0,,,,0,A084A,A084b.JPG,image/jpeg,/stationbook-files/Z3/A084A/A084b.JPG
106418,1,2017-04-11 10:57:02,picture,,,0,,,0,,,,0,A084A,A084c.JPG,image/jpeg,/stationbook-files/Z3/A084A/A084c.JPG
106420,1,2017-04-11 10:57:27,picture,,,0,,,0,,,,0,A084A,A084d.jpg,image/jpeg,/stationbook-files/Z3/A084A/A084d.jpg
106422,1,2017-04-11 11:00:44,picture,,,0,,,0,,,,0,A085A,A085a.jpg,image/jpeg,/stationbook-files/Z3/A085A/A085a.jpg
106424,1,2017-04-11 11:01:28,picture,,,0,,,0,,,,0,A086A,A086a.JPG,image/jpeg,/stationbook-files/Z3/A086A/A086a.JPG
106426,1,2017-04-11 11:01:57,picture,,,0,,,0,,,,0,A086A,A086b.jpg,image/jpeg,/stationbook-files/Z3/A086A/A086b.jpg
106428,1,2017-04-11 11:03:09,picture,,,0,,,0,,,,0,A087A,A087a.JPG,image/jpeg,/stationbook-files/Z3/A087A/A087a.JPG
106430,1,2017-04-11 11:03:30,picture,,,0,,,0,,,,0,A087A,A087b.JPG,image/jpeg,/stationbook-files/Z3/A087A/A087b.JPG
106432,1,2017-04-11 11:04:39,picture,,,0,,,0,,,,0,A088A,A088a.JPG,image/jpeg,/stationbook-files/Z3/A088A/A088a.JPG
106434,1,2017-04-11 11:05:17,picture,,,0,,,0,,,,0,A088A,A088b.JPG,image/jpeg,/stationbook-files/Z3/A088A/A088b.JPG
106436,1,2017-04-11 11:05:34,picture,,,0,,,0,,,,0,A088A,A088c.JPG,image/jpeg,/stationbook-files/Z3/A088A/A088c.JPG
106438,1,2017-04-11 11:06:32,picture,,,0,,,0,,,,0,A089A,A089a.JPG,image/jpeg,/stationbook-files/Z3/A089A/A089a.JPG
106440,1,2017-04-11 11:07:20,picture,,,0,,,0,,,,0,A090A,A090a.jpg,image/jpeg,/stationbook-files/Z3/A090A/A090a.jpg
106442,1,2017-04-11 11:07:33,picture,,,0,,,0,,,,0,A090A,A090b.JPG,image/jpeg,/stationbook-files/Z3/A090A/A090b.JPG
106444,1,2017-04-11 11:07:46,picture,,,0,,,0,,,,0,A090A,A090c.JPG,image/jpeg,/stationbook-files/Z3/A090A/A090c.JPG
112661,1,2017-04-22 20:12:08,picture,,,0,,,0,,,,0,Insulated sensor in the building.,A260_2.jpg,image/jpeg,/stationbook-files/Z3/A260A/A260_2.jpg
112663,1,2017-04-22 20:13:55,picture,,,0,,,0,,,,0,Building of the station.,A260_11.jpg,image/jpeg,/stationbook-files/Z3/A260A/A260_11.jpg
112665,1,2017-04-22 20:15:06,picture,,,0,,,0,,,,0,Building of the station.,A260_12.jpg,image/jpeg,/stationbook-files/Z3/A260A/A260_12.jpg
112667,1,2017-04-22 20:29:05,picture,,,0,,,0,,,,0,Surroundings of the station.,P1050894.JPG,image/jpeg,/stationbook-files/Z3/A261A/P1050894.JPG
112669,1,2017-04-22 20:30:59,picture,,,0,,,0,,,,0,Insulated sensor in the vault.,P1050899.JPG,image/jpeg,/stationbook-files/Z3/A261A/P1050899.JPG
112671,1,2017-04-22 20:32:23,picture,,,0,,,0,,,,0,Vault of the station.,P1050901.JPG,image/jpeg,/stationbook-files/Z3/A261A/P1050901.JPG
112675,1,2017-04-22 20:36:48,picture,,,0,,,0,,,,0,Building of the station.,"20170404_172613.jpg",image/jpeg,/stationbook-files/Z3/A262A/20170404_172613.jpg
112677,1,2017-04-22 20:38:53,picture,,,0,,,0,,,,0,Insulated sensor in the building.,A262_10.jpg,image/jpeg,/stationbook-files/Z3/A262A/A262_10.jpg
112679,1,2017-04-22 20:41:10,picture,,,0,,,0,,,,0,Building of the station (funeral home).,WP_000349.jpg,image/jpeg,/stationbook-files/Z3/A263A/WP_000349.jpg
112681,1,2017-04-22 20:41:26,picture,,,0,,,0,,,,0,Insulated sensor in the building.,WP_000352.jpg,image/jpeg,/stationbook-files/Z3/A263A/WP_000352.jpg
112683,1,2017-04-22 20:45:22,picture,,,0,,,0,,,,0,Surroundings of the station.,A264_9.jpg,image/jpeg,/stationbook-files/Z3/A264A/A264_9.jpg
112685,1,2017-04-22 20:45:54,picture,,,0,,,0,,,,0,Vault of the station.,A264_4.jpg,image/jpeg,/stationbook-files/Z3/A264A/A264_4.jpg
112687,1,2017-04-22 20:47:19,picture,,,0,,,0,,,,0,Insulated sensor in the vault.,P1060025.JPG,image/jpeg,/stationbook-files/Z3/A264A/P1060025.JPG
112689,1,2017-04-22 20:51:54,picture,,,0,,,0,,,,0,Building of the station.,WP_000342.jpg,image/jpeg,/stationbook-files/Z3/A265A/WP_000342.jpg
112691,1,2017-04-22 20:52:27,picture,,,0,,,0,,,,0,Insulated sensor in cellar of the building.,WP_000341.jpg,image/jpeg,/stationbook-files/Z3/A265A/WP_000341.jpg
112693,1,2017-04-22 21:06:17,picture,,,0,,,0,,,,0,The cellar where the station is located.,A266A_01.jpg,image/jpeg,/stationbook-files/Z3/A266A/A266A_01.jpg
112695,1,2017-04-22 21:06:55,picture,,,0,,,0,,,,0,Insulated sensor in the cellar.,A266A_02.jpg,image/jpeg,/stationbook-files/Z3/A266A/A266A_02.jpg
112697,1,2017-04-22 21:09:06,picture,,,0,,,0,,,,0,Building of the station.,"2015-08-19_11.56.41.jpg",image/jpeg,/stationbook-files/Z3/A267A/2015-08-19_11.56.41.jpg
112699,1,2017-04-22 21:10:14,picture,,,0,,,0,,,,0,Insulated sensor in cellar of the building.,A267A_02.jpg,image/jpeg,/stationbook-files/Z3/A267A/A267A_02.jpg
112701,1,2017-04-22 21:13:39,picture,,,0,,,0,,,,0,Building of the station.,"2015-08-06_10.41.27.jpg",image/jpeg,/stationbook-files/Z3/A269A/2015-08-06_10.41.27.jpg
112703,1,2017-04-22 21:14:46,picture,,,0,,,0,,,,0,Insulated sensor in cellar of the building.,Baj_02.jpg,image/jpeg,/stationbook-files/Z3/A269A/Baj_02.jpg
112705,1,2017-04-22 21:17:54,picture,,,0,,,0,,,,0,Building of the station.,"20170327_095213.jpg",image/jpeg,/stationbook-files/Z3/A270A/20170327_095213.jpg
112707,1,2017-04-22 21:20:47,picture,,,0,,,0,,,,0,Location of the station in the basement.,"20170327_095234.jpg",image/jpeg,/stationbook-files/Z3/A270A/20170327_095234.jpg
112709,1,2017-04-22 21:21:28,picture,,,0,,,0,,,,0,Insulated sensor in the basement of the building.,"20170327_103609.jpg",image/jpeg,/stationbook-files/Z3/A270A/20170327_103609.jpg
112711,1,2017-04-22 21:28:41,picture,,,0,,,0,,,,0,Building of the station (funeral home).,P1060002.JPG,image/jpeg,/stationbook-files/Z3/A273A/P1060002.JPG
112713,1,2017-04-22 21:30:38,picture,,,0,,,0,,,,0,Sensor and digitiser inside the building.,WP_000445.jpg,image/jpeg,/stationbook-files/Z3/A273A/WP_000445.jpg
114227,1,2017-06-19 10:45:09,picture,,,0,,,0,,,,0,Location,KI07-5031.jpg,image/jpeg,/stationbook-files/Z3/A038A/KI07-5031.jpg
114229,1,2017-06-19 10:45:45,picture,,,0,,,0,,,,0,Sensor,KI07-5023.jpg,image/jpeg,/stationbook-files/Z3/A038A/KI07-5023.jpg
114234,1,2017-06-19 10:51:09,picture,,,0,,,0,,,,0,Site,Img-5469.jpg,image/jpeg,/stationbook-files/Z3/A140A/Img-5469.jpg
114236,1,2017-06-19 10:51:41,picture,,,0,,,0,,,,0,Sensor,KI01-4896.jpg,image/jpeg,/stationbook-files/Z3/A140A/KI01-4896.jpg
114239,1,2017-06-19 10:53:29,picture,,,0,,,0,,,,0,Site,Img-5565.jpg,image/jpeg,/stationbook-files/Z3/A141A/Img-5565.jpg
114241,1,2017-06-19 10:54:06,picture,,,0,,,0,,,,0,Sensor,DSCN2283.JPG,image/jpeg,/stationbook-files/Z3/A141A/DSCN2283.JPG
114243,1,2017-06-19 10:54:29,picture,,,0,,,0,,,,0,Panorama,DSCN2322_stitch.jpg,image/jpeg,/stationbook-files/Z3/A141A/DSCN2322_stitch.jpg
114246,1,2017-06-19 10:56:37,picture,,,0,,,0,,,,0,Site,KI04-4866.jpg,image/jpeg,/stationbook-files/Z3/A143A/KI04-4866.jpg
114248,1,2017-06-19 10:57:09,picture,,,0,,,0,,,,0,Sensor,KI04-4857.jpg,image/jpeg,/stationbook-files/Z3/A143A/KI04-4857.jpg
114252,1,2017-06-19 10:59:38,picture,,,0,,,0,,,,0,Site,DSCN2288.JPG,image/jpeg,/stationbook-files/Z3/A144A/DSCN2288.JPG
114254,1,2017-06-19 11:00:07,picture,,,0,,,0,,,,0,Sensor,DSCN2276.JPG,image/jpeg,/stationbook-files/Z3/A144A/DSCN2276.JPG
114258,1,2017-06-19 11:02:24,picture,,,0,,,0,,,,0,Site,KI06-4992.jpg,image/jpeg,/stationbook-files/Z3/A145A/KI06-4992.jpg
114260,1,2017-06-19 11:02:54,picture,,,0,,,0,,,,0,Sensor,DSCN2263.JPG,image/jpeg,/stationbook-files/Z3/A145A/DSCN2263.JPG
114262,1,2017-06-19 11:03:45,picture,,,0,,,0,,,,0,Site,DSCN2217.JPG,image/jpeg,/stationbook-files/Z3/A146A/DSCN2217.JPG
114264,1,2017-06-19 11:04:07,picture,,,0,,,0,,,,0,Sensor,DSCN2211.JPG,image/jpeg,/stationbook-files/Z3/A146A/DSCN2211.JPG
114269,1,2017-06-19 11:07:39,picture,,,0,,,0,,,,0,Site,Img-5524.jpg,image/jpeg,/stationbook-files/Z3/A147A/Img-5524.jpg
114271,1,2017-06-19 11:07:53,picture,,,0,,,0,,,,0,Sensor,Img-5532.jpg,image/jpeg,/stationbook-files/Z3/A147A/Img-5532.jpg
114274,1,2017-06-19 11:09:05,picture,,,0,,,0,,,,0,Site,DSCN2363.JPG,image/jpeg,/stationbook-files/Z3/A147B/DSCN2363.JPG
114276,1,2017-06-19 11:09:38,picture,,,0,,,0,,,,0,Sensor,DSCN2297.JPG,image/jpeg,/stationbook-files/Z3/A147B/DSCN2297.JPG
114279,1,2017-06-19 11:11:00,picture,,,0,,,0,,,,0,Site,Img-5540.jpg,image/jpeg,/stationbook-files/Z3/A148A/Img-5540.jpg
114281,1,2017-06-19 11:11:35,picture,,,0,,,0,,,,0,Sensor,Img-5550.jpg,image/jpeg,/stationbook-files/Z3/A148A/Img-5550.jpg
114286,1,2017-06-19 11:13:34,picture,,,0,,,0,,,,0,Sensor,DSCN2382.JPG,image/jpeg,/stationbook-files/Z3/A148B/DSCN2382.JPG
114288,1,2017-06-19 11:14:00,picture,,,0,,,0,,,,0,Site,DSCN2373.JPG,image/jpeg,/stationbook-files/Z3/A148B/DSCN2373.JPG
